Designator,Val,Package,Mid X,Mid Y,Rotation,Layer
C201,4.7uF,C_1206,143.62,-122.603702,-90.0,top
C202,100nF,C_0603,149.15,-116.643702,180.0,top
C203,10uF,C_1206,141.565,-115.238702,-90.0,top
C204,10uF,C_1206,143.965,-115.238702,-90.0,top
C205,10uF,C_1206,146.365,-115.238702,-90.0,top
C206,100nF,C_0603,152.2,-116.643702,0.0,top
C207,10uF,C_1206,154.9,-115.138702,-90.0,top
C208,47nF,C_0603,155.465,-121.613702,90.0,top
C209,10uF,C_1206,157.365,-115.138702,-90.0,top
C210,10uF,C_1206,159.765,-115.138702,-90.0,top
C211,10uF,C_1206,157.29,-120.723702,90.0,top
C212,10uF,C_1206,159.82,-120.733702,90.0,top
C213,47nF,C_0603,145.465,-123.038702,-90.0,top
C214,47nF,C_0603,152.55,-124.223702,90.0,top
C217,100nF,C_0603,145.465,-120.133702,90.0,top
C218,10uF,C_1206,138.59,-120.983702,90.0,top
C219,10uF,C_1206,141.08,-120.983702,90.0,top
C220,1nF,C_0402,130.5,-118.4,0.0,top
C221,1nF,C_0402,138.775847,-128.15,0.0,top
C401,47uF,C_1206,156.6,-72.9,90.0,top
C402,100nF,C_0402,156.0,-75.8,180.0,top
C403,33pF,C_0402,156.0,-76.8,180.0,top
C404,10pF,C_0402,159.0,-76.8,0.0,top
C406,22pF,C_0402,161.05,-105.5,180.0,top
C407,22pF,C_0402,161.05,-107.5,180.0,top
C408,22pF,C_0402,161.05,-106.5,180.0,top
C409,100nF,C_0402,161.05,-104.5,180.0,top
C410,47uF,C_1206,159.2,-72.9,90.0,top
C411,1uF,C_0402,159.0,-75.8,0.0,top
C415,2.2uF,C_0805,142.5,-110.85,180.0,top
C416,22uF,C_0805,123.0,-78.375,180.0,top
C417,1uF,C_0603,130.8,-130.1,0.0,top
C418,100pF,C_0805,154.7,-109.1,180.0,top
C601,1uF,C_0402,142.8,-67.0,-90.0,top
C602,1uF,C_0402,137.85,-67.0,-90.0,top
C603,100nF,C_0402,128.9,-98.1,0.0,top
C604,100nF,C_0402,127.6,-118.35,180.0,top
C605,100nF,C_0402,139.0,-73.0,0.0,top
C606,1uF,C_0402,141.0,-73.0,0.0,top
C607,100nF,C_0402,122.0,-67.21,90.0,top
C693,1uF,C_0402,134.6025,-114.718702,90.0,top
C697,100nF,C_0402,135.7025,-114.718702,-90.0,top
C698,100nF,C_0402,131.2,-92.7,-90.0,top
Card401,SMN-303,SIM-SMD_SMN-305,133.5,-105.85,-90.0,top
D201,Green,D_0805,140.565,-124.468702,0.0,top
D203,BZT52C9V1S,SOD-323_L1.8-W1.3-LS2.5-RD,132.6,-119.577452,180.0,top
D204,BZT52C9V1S,SOD-323_L1.8-W1.3-LS2.5-RD,139.52,-126.75,0.0,top
D212,USBLC6-2SC6_C2687116,SOT-23-6_L2.9-W1.6-P0.95-LS2.8-BL,130.35,-127.45,0.0,top
D401,SMAJ30A,SMA_L4.3-W2.6-LS5.2-RD,143.15,-133.7,-90.0,top
D402,Green,D_0805,165.4,-70.75,90.0,top
D403,ESD9X3.3ST5G,SOD-923_L0.8-W0.6-LS1.0-RD,161.4,-109.4,90.0,top
D404,USBLC6-2SC6_C2687116,SOT-23-6_L2.9-W1.6-P0.95-LS2.8-BL,147.5,-107.145,90.0,top
D405,USBLC6-2SC6_C2687116,SOT-23-6_L2.9-W1.6-P0.95-LS2.8-BL,143.7,-107.1775,-90.0,top
D406,ESD9X3.3ST5G,SOD-923_L0.8-W0.6-LS1.0-RD,149.0,-69.3,0.0,top
D407,1N5819WS,SOD-323_L1.8-W1.3-LS2.5-RD,138.1,-83.8,90.0,top
D420,Green,D_0805,126.7,-78.8,180.0,top
D606,USBLC6-2SC6_C2687116,SOT-23-6_L2.9-W1.6-P0.95-LS2.8-BL,130.53,-86.71,90.0,top
J201,TYPE-C 16PIN 2MD(073),USB-C-SMD_TYPE-C-6PIN-2MD-073,126.5,-134.2925,0.0,top
J202,WAFER-PH2.0-3PWB,CONN-SMD_3P-P2.00_XUNPU_WAFER-PH2.0-3PWB,162.0,-131.2,90.0,top
L201,VLS3012HBX-1R0M,IND-SMD_L3.0-W3.0_VLS3012CX,150.605,-111.968702,0.0,top
L401,MPZ2012S221AT000,L0805,163.1,-71.2,-90.0,top
L402,MPZ2012S221AT000,L0805,123.7,-128.8,-90.0,top
L403,GZ2012D601TF,L0805,126.15,-84.8,90.0,top
L404,GZ2012D601TF,L0805,153.6,-106.8,180.0,top
L407,RSCM7060-701,FILTER-SMD_4P-L7.0-W6.0-P3.00-TL,136.73,-133.7,180.0,top
Q201,AO3400A,SOT-23-3_L2.9-W1.3-P1.90-LS2.4-BR,128.75,-120.527452,0.0,top
Q202,AO3400A,SOT-23-3_L2.9-W1.3-P1.90-LS2.4-BR,135.125847,-124.939757,0.0,top
Q203,AO3400A,SOT-23-3_L2.9-W1.3-P1.90-LS2.4-BR,135.875847,-128.4,90.0,top
Q204,AO3400A,SOT-23-3_L2.9-W1.3-P1.90-LS2.4-BR,162.915,-120.188702,90.0,top
Q206,AO3400A,SOT-23-3_L2.9-W1.3-P1.90-LS2.4-BR,132.6,-122.427452,180.0,top
Q401,AO3400A,SOT-23-3_L2.9-W1.3-P1.90-LS2.4-BR,158.04,-68.9,180.0,top
Q402,AO3400A,SOT-23-3_L2.9-W1.3-P1.90-LS2.4-BR,146.6,-73.2,270.0,top
Q403,AO3400A,SOT-23-3_L2.9-W1.3-P1.90-LS2.4-BR,150.08,-73.2,270.0,top
Q404,AO3401A,Q_SOT-23,163.3,-67.15,90.0,top
Q405,AO3400A,SOT-23-3_L2.9-W1.3-P1.90-LS2.4-BR,128.9,-90.1,90.0,top
Q406,AO3400A,SOT-23-3_L2.9-W1.3-P1.90-LS2.4-BR,164.64,-75.15,180.0,top
Q407,AO3401A,Q_SOT-23,126.725,-92.925,270.0,top
Q408,AO3400A,SOT-23-3_L2.9-W1.3-P1.90-LS2.4-BR,137.2,-79.4,0.0,top
Q409,AO3400A,SOT-23-3_L2.9-W1.3-P1.90-LS2.4-BR,141.85,-75.4,270.0,top
R201,100kΩ,R_0402,143.365,-125.538702,180.0,top
R202,3kΩ,R_0603,157.5,-126.12,-90.0,top
R208,100Ω,R_0603,159.55,-124.18,0.0,top
R209,100kΩ,R_0402,147.2,-124.423702,0.0,top
R212,220kΩ,R_0603,145.765,-125.823702,180.0,top
R213,300Ω,R_0805,141.52,-128.55,0.0,top
R214,300Ω,R_0805,135.0,-117.6,180.0,top
R222,5.1kΩ,R_0402,145.4,-127.0,0.0,top
R223,150kΩ,R_0603,155.38,-128.28,0.0,top
R224,27kΩ,R_0603,155.37,-129.74,180.0,top
R225,3.3kΩ,R_0402,155.32,-131.02,0.0,top
R402,1kΩ,R_0402,161.7,-76.7,0.0,top
R403,10kΩ,R_0402,161.7,-75.7,0.0,top
R404,10kΩ,R_0402,165.3,-73.0,180.0,top
R405,10kΩ,R_0402,147.08,-70.92,180.0,top
R406,10kΩ,R_0402,144.3,-74.6,-90.0,top
R407,10kΩ,R_0402,152.3,-73.7,90.0,top
R408,10kΩ,R_0402,149.48,-70.92,180.0,top
R409,22Ω,R_0402,156.75,-105.0,180.0,top
R410,22Ω,R_0402,158.8,-107.5,0.0,top
R411,22Ω,R_0402,157.75,-106.45,180.0,top
R413,1kΩ,R_0402,166.2,-79.2,90.0,top
R414,1kΩ,R_0402,166.2,-81.2,-90.0,top
R415,10kΩ,R_0402,148.0,-104.2,180.0,top
R416,10kΩ,R_0402,155.1,-68.05,0.0,top
R417,10kΩ,R_0402,155.6,-69.45,-90.0,top
R418,100kΩ,R_0402,160.5,-65.8,0.0,top
R419,10kΩ,R_0402,131.2,-89.4,-90.0,top
R420,10kΩ,R_0402,130.1,-92.1,-90.0,top
R421,100kΩ,R_0402,125.975,-95.4,0.0,top
R422,10kΩ,R_0402,139.6,-79.4,-90.0,top
R423,10kΩ,R_0402,135.8,-77.8,90.0,top
R424,2.2Ω,R_0603,133.2,-128.8,-90.0,top
R425,4.7kΩ,R_0402,138.6,-75.6,90.0,top
R426,47kΩ,R_0402,139.6,-76.2,90.0,top
R427,100kΩ,R_0402,125.6,-81.0,90.0,top
R454,100kΩ,R_0402,125.95,-77.1,180.0,top
R601,4.7kΩ,R_0402,127.43,-81.2,0.0,top
R602,4.7kΩ,R_0402,127.4,-82.3,0.0,top
R603,10kΩ,R_0402,137.6,-75.2,-90.0,top
R604,10kΩ,R_0402,139.4,-74.0,180.0,top
R650,22Ω,R_0402,130.6,-78.6,90.0,top
R651,22Ω,R_0402,129.55,-78.6,90.0,top
R655,10kΩ,R_0402,132.15,-78.1,0.0,top
R699,10kΩ,R_0402,134.15,-78.1,180.0,top
SW603,TS-1088-AR02016,SW-SMD_L3.9-W3.0-P4.45,141.1,-70.8,0.0,top
U202,BQ25792RQMR,QFN-29_L4.0-W4.0-P0.40-TL-BQ25792RQMR,150.665,-120.188702,0.0,top
U401,ZX-RF-1-Z21.25X,IPEX-SMD_3P-L2.6-W2.6-LS3.0_YUANDI_RF-001,149.9,-67.0325,180.0,top
U402,ZX-RF-1-Z21.25X,IPEX-SMD_3P-L2.6-W2.6-LS3.0_YUANDI_RF-001,164.3,-105.8325,180.0,top
U403,A7672E (LASE),LGA-124_L24.0-W24.0-P1.0-A7670C-LASS,153.5,-90.5,0.0,top
U404,ESDBW5V0A1_C5173252,X1-DFN1006-2_L1.0-W0.6-P0.65-BI,161.2,-71.8,-90.0,top
U405,ESP32-C6-MINI-1-N4,WIFIM-SMD_61P-L16.6-W13.2-P0.80-ESP32-C6-MINI-1-N4,129.6,-71.07,0.0,top
U406,SC7A20HTR,LGA-12_L2.0-W2.0-P0.50-TL,137.7725,-115.073702,180.0,top
U407,LTR-303ALS-01,TDFN-6_L2.0-W2.0-P0.65-BL,132.9,-91.7,0.0,top
U602,GD25Q128ESIGR,SOP-8_L5.3-W5.3-P1.27-LS8.0-BL,134.8,-96.205,90.0,top
U603,RT9080-33GJ5,TSOT-23-5_L2.9-W1.6-P0.95-LS2.8-BL,140.35,-66.75,90.0,top
U604,ATECC608B-SSHDA-T,SOIC-8_L4.9-W3.9-P1.27-LS6.0-BL,129.3,-115.1825,90.0,top
