device_id,ts,seq,boot_id,received_at,ingest_via,sig,prev_hash,rec_hash,vbat_mv,ibat_ma,soc_pct,vbus_mv,ibus_ma,vsys_mv,chg_stat,fault0,fault1,harvest_mah,solar,usb,light_ch0,acc_x_mg,acc_y_mg,acc_z_mg,temp_c,extra,p_gas_hpa,dp_hpa,uss_tof_us,uss_dtof_us,uss_vol_ml,uss_snr_db,uss_seq,uss_code,uss_recov,sensor_ok,quality,quality_note,uss_s0,uss_s1,uss_skip
4,2026-09-22 11:30:38+02:00,,,2026-09-22 13:00:13.955049+02:00,mqtt,,,,4143,0,93,0,0,,0,,,0,False,False,0,892,528,-64,21.96,,973.3,8.3,133.0165,0.000422,24,34.0,9347,122,0,63,0,,,,
4,2026-09-22 11:35:39+02:00,,,2026-09-22 13:00:13.955049+02:00,mqtt,,,,4144,0,93,0,0,,0,,,0,False,False,0,908,540,-48,21.97,,973.3,8.3,133.0391,-0.001151,0,34.0,9647,122,0,63,0,,,,
4,2026-09-22 11:40:40+02:00,,,2026-09-22 13:00:14.834818+02:00,mqtt,,,,4144,0,93,0,0,,0,,,0,False,False,0,896,528,-56,21.98,,973.3,8.3,133.0787,0.000252,28,35.0,9948,122,0,63,0,,,,
4,2026-09-22 11:45:41+02:00,,,2026-09-22 13:00:14.834818+02:00,mqtt,,,,4144,0,93,0,0,,0,,,0,False,False,0,912,524,-60,22.0,,973.2,8.2,133.0987,0.000793,83,34.5,10248,122,0,63,0,,,,
4,2026-09-22 11:50:42+02:00,,,2026-09-22 13:00:14.834818+02:00,mqtt,,,,4143,0,93,0,0,,0,,,0,False,False,0,896,504,-64,22.02,,973.2,8.2,133.0045,-0.001038,0,33.0,10549,122,0,63,0,,,,
4,2026-09-22 11:55:43+02:00,,,2026-09-22 13:00:14.834818+02:00,mqtt,,,,4144,0,93,0,0,,0,,,0,False,False,0,892,524,-60,22.03,,973.2,8.2,133.0973,-0.000246,47,33.0,10849,122,0,63,0,,,,
4,2026-09-22 12:00:44+02:00,,,2026-09-22 13:00:14.834818+02:00,mqtt,,,,4144,0,93,0,0,,0,,,0,False,False,0,900,532,-60,22.04,,973.1,8.1,133.0153,-0.000819,0,34.5,11150,122,0,63,0,,,,
4,2026-09-22 12:05:45+02:00,,,2026-09-22 13:00:14.834818+02:00,mqtt,,,,4144,0,93,0,0,,0,,,0,False,False,0,908,524,-68,22.05,,973.2,8.2,133.0172,0.000402,28,33.0,11451,122,0,63,0,,,,
4,2026-09-22 12:10:46+02:00,,,2026-09-22 13:00:14.834818+02:00,mqtt,,,,4143,0,93,0,0,,0,,,0,False,False,0,904,512,-60,22.06,,973.2,8.2,133.0291,0.001072,61,33.0,11751,122,0,63,0,,,,
4,2026-09-22 12:15:47+02:00,,,2026-09-22 13:00:14.834818+02:00,mqtt,,,,4144,0,93,0,0,,0,,,0,False,False,0,912,512,-60,22.07,,973.1,8.1,133.0195,-0.000127,1,34.5,12052,122,0,63,0,,,,
4,2026-09-22 12:20:48+02:00,,,2026-09-22 13:00:15.731820+02:00,mqtt,,,,4144,-1,93,0,0,,0,,,0,False,False,0,892,540,-60,22.08,,973.1,8.1,132.9318,-0.001434,0,32.0,12353,122,0,63,0,,,,
4,2026-09-22 12:25:49+02:00,,,2026-09-22 13:00:15.731820+02:00,mqtt,,,,4143,0,93,0,0,,0,,,0,False,False,0,896,520,-44,22.09,,973.1,8.1,132.974,-0.001421,0,23.5,12654,122,0,63,0,,,,
4,2026-09-22 12:30:50+02:00,,,2026-09-22 13:00:15.731820+02:00,mqtt,,,,4143,0,93,0,0,,0,,,0,False,False,0,900,520,-60,22.09,,972.9,7.9,133.004,-0.000368,0,35.5,12954,122,0,63,0,,,,
4,2026-09-22 12:35:51+02:00,,,2026-09-22 13:00:15.731820+02:00,mqtt,,,,4143,0,93,0,0,,0,,,0,False,False,0,900,512,-48,22.1,,972.9,7.9,132.933,-0.002383,0,34.5,13255,122,0,63,0,,,,
4,2026-09-22 12:40:52+02:00,,,2026-09-22 13:00:15.731820+02:00,mqtt,,,,4143,0,93,0,0,,0,,,0,False,False,0,900,512,-52,22.11,,972.8,7.8,133.0189,0.000774,44,32.5,13555,122,0,63,0,,,,
4,2026-09-22 12:45:53+02:00,,,2026-09-22 13:00:15.731820+02:00,mqtt,,,,4143,0,93,0,0,,0,,,0,False,False,0,920,532,-72,22.12,,972.7,7.7,132.8201,0.000963,55,33.0,13856,122,0,63,0,,,,
4,2026-09-22 12:50:54+02:00,,,2026-09-22 13:00:15.731820+02:00,mqtt,,,,4143,0,93,0,0,,0,,,0,False,False,0,908,536,-52,22.13,,972.7,7.7,132.965,-8.8e-05,59,34.5,14157,122,0,63,0,,,,
4,2026-09-22 12:55:16+02:00,,,2026-09-22 13:00:16.266765+02:00,mqtt,,,,4139,0,93,149,0,,0,,,0,False,False,6,-104,-284,-948,22.13,,972.6,7.6,132.9241,0.000732,42,27.0,1,122,0,63,0,,,,
4,2026-09-22 12:55:55+02:00,,,2026-09-22 13:00:15.731820+02:00,mqtt,,,,4143,0,93,0,0,,0,,,0,False,False,0,908,512,-56,22.13,,972.7,7.7,133.0752,0.000748,48,33.5,14458,122,0,63,0,,,,
4,2026-09-22 13:00:16+02:00,,,2026-09-22 13:00:16.266765+02:00,mqtt,,,,4157,0,95,96,0,,0,,,0,False,False,3,-92,-284,-936,22.14,,972.6,7.6,133.0237,0.000611,61,34.0,9,122,1,63,0,,,,
4,2026-09-22 13:05:17+02:00,,,2026-09-22 15:31:48.140700+02:00,mqtt,,,,4158,0,95,0,0,,0,,,0,False,False,7,96,-428,-892,22.62,,972.5,7.5,132.9788,-0.000394,14825,35.5,335,122,1,63,0,,,,
4,2026-09-22 13:10:18+02:00,,,2026-09-22 15:31:48.140700+02:00,mqtt,,,,4158,0,95,0,0,,0,,,0,False,False,4,88,-424,-896,22.72,,972.5,7.5,132.8781,0.008117,17458,34.5,635,122,1,63,0,,,,
4,2026-09-22 13:15:19+02:00,,,2026-09-22 15:31:48.140700+02:00,mqtt,,,,4154,0,94,0,0,,0,,,0,False,False,5,100,-428,-900,22.79,,972.4,7.4,132.9283,0.002635,35849,35.5,936,122,1,63,0,,,,
4,2026-09-22 13:20:20+02:00,,,2026-09-22 15:31:48.140700+02:00,mqtt,,,,4159,0,95,0,0,,0,,,0,False,False,5,92,-428,-888,22.86,,972.4,7.4,132.8167,0.003487,47274,33.5,1236,122,1,63,0,,,,
4,2026-09-22 13:25:21+02:00,,,2026-09-22 15:31:48.140700+02:00,mqtt,,,,4159,0,95,0,0,,0,,,0,False,False,5,92,-424,-900,22.89,,972.3,7.3,132.9183,0.001624,52230,34.5,1537,122,1,63,0,,,,
4,2026-09-22 13:30:22+02:00,,,2026-09-22 15:31:48.140700+02:00,mqtt,,,,4155,0,95,0,0,,0,,,0,False,False,5,72,-420,-916,22.93,,972.3,7.3,132.8418,0.002578,69000,36.0,1837,122,1,63,0,,,,
4,2026-09-22 13:35:23+02:00,,,2026-09-22 15:31:48.140700+02:00,mqtt,,,,4155,0,95,0,0,,0,,,0,False,False,5,84,-432,-904,22.97,,972.3,7.3,132.7601,0.005192,79956,35.0,2138,122,1,63,0,,,,
4,2026-09-22 13:40:24+02:00,,,2026-09-22 15:31:48.140700+02:00,mqtt,,,,4154,0,94,0,0,,0,,,0,False,False,5,100,-420,-896,23.03,,972.2,7.2,132.8665,0.001705,71045,34.0,2438,122,1,63,0,,,,
4,2026-09-22 13:45:25+02:00,,,2026-09-22 15:31:48.586217+02:00,mqtt,,,,4154,0,94,0,0,,0,,,0,False,False,5,88,-412,-892,23.07,,972.1,7.1,132.7242,0.00271,89797,34.0,2739,122,1,63,0,,,,
4,2026-09-22 13:50:25+02:00,,,2026-09-22 15:31:48.586217+02:00,mqtt,,,,4154,0,94,0,0,,0,,,0,False,False,5,96,-408,-892,23.06,,972.1,7.1,132.8285,0.001579,99910,33.0,3040,122,1,63,0,,,,
4,2026-09-22 13:55:26+02:00,,,2026-09-22 15:31:48.586217+02:00,mqtt,,,,4154,0,94,0,0,,0,,,0,False,False,5,84,-428,-900,23.09,,972.2,7.2,132.7735,-0.000296,121256,33.5,3340,122,1,63,0,,,,
4,2026-09-22 14:00:27+02:00,,,2026-09-22 15:31:48.586217+02:00,mqtt,,,,4154,0,94,0,0,,0,,,0,False,False,5,92,-408,-900,23.14,,972.1,7.1,132.785,-0.00173,138722,36.0,3640,122,1,63,0,,,,
4,2026-09-22 14:05:28+02:00,,,2026-09-22 15:31:48.586217+02:00,mqtt,,,,4165,0,96,0,0,,0,,,0,False,False,20,656,308,760,23.53,,971.9,6.9,0.0,0.0,147082,0.0,3941,135,40,63,0,,,,
4,2026-09-22 14:10:30+02:00,,,2026-09-22 15:31:48.586217+02:00,mqtt,,,,4167,0,96,0,0,,0,,,0,False,False,39,868,-40,572,0.0,,,,,,,,,,,7,0,,,,
4,2026-09-22 14:15:35+02:00,,,2026-09-22 15:31:48.586217+02:00,mqtt,,,,4164,-26,96,0,0,,0,,,0,False,False,40,872,-28,564,0.0,,,,,,,,,,,7,0,,,,
4,2026-09-22 14:20:39+02:00,,,2026-09-22 15:31:48.586217+02:00,mqtt,,,,4166,-12,96,0,0,,0,,,0,False,False,40,880,-28,544,0.0,,,,,,,,,,,7,0,,,,
4,2026-09-22 14:25:44+02:00,,,2026-09-22 15:31:49.058688+02:00,mqtt,,,,4166,-24,96,0,0,,0,,,0,False,False,40,896,-20,548,0.0,,,,,,,,,,,7,0,,,,
4,2026-09-22 14:30:49+02:00,,,2026-09-22 15:31:49.058688+02:00,mqtt,,,,4163,-12,95,0,0,,0,,,0,False,False,35,904,-36,524,0.0,,,,,,,,,,,7,0,,,,
4,2026-09-22 14:35:53+02:00,,,2026-09-22 15:31:49.058688+02:00,mqtt,,,,4163,-29,95,0,0,,0,,,0,False,False,38,900,-36,508,0.0,,,,,,,,,,,7,0,,,,
4,2026-09-22 14:40:58+02:00,,,2026-09-22 15:31:49.058688+02:00,mqtt,,,,4163,-13,95,0,0,,0,,,0,False,False,38,916,-24,500,0.0,,,,,,,,,,,7,0,,,,
4,2026-09-22 14:46:03+02:00,,,2026-09-22 15:31:49.058688+02:00,mqtt,,,,4166,-15,96,0,0,,0,,,0,False,False,38,932,-48,504,0.0,,,,,,,,,,,7,0,,,,
4,2026-09-22 14:51:08+02:00,,,2026-09-22 15:31:49.058688+02:00,mqtt,,,,4166,-15,96,0,0,,0,,,0,False,False,42,668,64,800,0.0,,,,,,,,,,,7,0,,,,
4,2026-09-22 14:56:12+02:00,,,2026-09-22 15:31:49.058688+02:00,mqtt,,,,4162,-12,95,0,0,,0,,,0,False,False,28,1016,-24,272,0.0,,,,,,,,,,,7,0,,,,
4,2026-09-22 15:31:48+02:00,,,2026-09-22 15:31:49.058688+02:00,mqtt,,,,3674,0,41,243,0,,0,,,0,False,False,43,-128,60,1056,0.0,,,,,,,,,,,7,0,,,,
4,2026-09-22 15:34:09+02:00,,,2026-09-22 15:34:49.247184+02:00,mqtt,,,,3671,-13,41,0,0,,0,,,0,False,False,26,-248,176,936,0.0,,,,,,,,,,,7,0,,,,
4,2026-09-22 15:39:50+02:00,,,2026-09-23 03:36:31.622605+02:00,mqtt,,,,3672,-25,41,0,0,,0,,,0,False,False,0,-100,16,1036,24.35,,969.3,4.3,132.4577,-0.000648,0,34.0,1,122,0,63,0,,,,
4,2026-09-22 15:44:54+02:00,,,2026-09-23 03:36:31.622605+02:00,mqtt,,,,3672,0,41,0,0,,0,,,0,False,False,0,-128,20,1040,24.41,,969.2,4.2,132.4041,-0.004556,0,33.5,299,122,0,63,0,,,,
4,2026-09-22 15:49:55+02:00,,,2026-09-23 03:36:31.622605+02:00,mqtt,,,,3672,0,41,0,0,,0,,,0,False,False,0,-124,32,1036,24.55,,969.2,4.2,132.3525,-0.002441,0,33.0,597,122,0,63,0,,,,
4,2026-09-22 15:54:56+02:00,,,2026-09-23 03:36:31.622605+02:00,mqtt,,,,3672,0,41,0,0,,0,,,0,False,False,0,-124,32,1064,24.83,,969.0,4.0,132.3553,-0.004128,0,32.5,895,122,0,63,0,,,,
4,2026-09-22 15:59:57+02:00,,,2026-09-23 03:36:31.622605+02:00,mqtt,,,,3672,0,41,0,0,,0,,,0,False,False,10,-112,-4,1060,24.48,,969.1,4.1,132.3732,-0.004592,0,33.5,1193,122,0,63,0,,,,
4,2026-09-22 16:04:58+02:00,,,2026-09-23 03:36:31.622605+02:00,mqtt,,,,3672,-1,41,0,0,,0,,,0,False,False,10,-144,-20,1060,24.05,,969.1,4.1,132.3798,-0.00193,0,34.5,1491,122,0,63,0,,,,
4,2026-09-22 16:09:59+02:00,,,2026-09-23 03:36:31.622605+02:00,mqtt,,,,3672,0,41,0,0,,0,,,0,False,False,9,-120,-24,1040,23.81,,969.0,4.0,132.7123,-0.000732,425,36.0,1789,122,0,63,0,,,,
4,2026-09-22 16:15:00+02:00,,,2026-09-23 03:36:31.622605+02:00,mqtt,,,,3672,0,41,0,0,,0,,,0,False,False,9,-120,-28,1052,23.59,,969.1,4.1,132.3784,-0.010065,0,34.0,2087,122,0,63,0,,,,
4,2026-09-22 16:20:01+02:00,,,2026-09-23 03:36:32.450343+02:00,mqtt,,,,3672,0,41,0,0,,0,,,0,False,False,9,-128,-16,1036,23.46,,969.1,4.1,132.4522,-0.000722,219,34.0,2385,122,0,63,0,,,,
4,2026-09-22 16:25:02+02:00,,,2026-09-23 03:36:32.450343+02:00,mqtt,,,,3671,-1,41,0,0,,0,,,0,False,False,9,-112,-24,1048,23.38,,969.1,4.1,132.4795,-0.00061,11,34.5,2684,122,0,63,0,,,,
4,2026-09-22 16:30:03+02:00,,,2026-09-23 03:36:32.450343+02:00,mqtt,,,,3672,0,41,0,0,,0,,,0,False,False,9,-132,0,1040,23.33,,969.2,4.2,132.4917,-0.002326,0,32.5,2981,122,0,63,0,,,,
4,2026-09-22 16:35:04+02:00,,,2026-09-23 03:36:32.450343+02:00,mqtt,,,,3672,0,41,0,0,,0,,,0,False,False,9,-148,4,1040,23.34,,969.1,4.1,132.522,-0.002318,0,33.0,3279,122,0,63,0,,,,
4,2026-09-22 16:40:05+02:00,,,2026-09-23 03:36:32.450343+02:00,mqtt,,,,3672,0,41,0,0,,0,,,0,False,False,9,-148,-4,1044,23.3,,969.0,4.0,132.5267,6.1e-05,3,34.0,3578,122,0,63,0,,,,
4,2026-09-22 16:45:06+02:00,,,2026-09-23 03:36:32.450343+02:00,mqtt,,,,3671,0,41,0,0,,0,,,0,False,False,9,-124,0,1040,23.28,,969.0,4.0,132.5328,-0.004461,0,33.5,3876,122,0,63,0,,,,
4,2026-09-22 16:50:07+02:00,,,2026-09-23 03:36:32.450343+02:00,mqtt,,,,3672,0,41,0,0,,0,,,0,False,False,9,-140,0,1032,23.25,,968.9,3.9,132.5932,-0.004239,0,35.5,4174,122,0,63,0,,,,
4,2026-09-22 16:55:08+02:00,,,2026-09-23 03:36:32.450343+02:00,mqtt,,,,3671,0,41,0,0,,0,,,0,False,False,9,-160,28,1016,23.22,,968.8,3.8,132.5573,-0.002609,0,33.5,4472,122,0,63,0,,,,
4,2026-09-22 17:00:09+02:00,,,2026-09-23 03:36:33.252901+02:00,mqtt,,,,3671,0,41,0,0,,0,,,0,False,False,8,-152,36,1028,23.16,,968.9,3.9,132.5481,0.003828,2427,34.5,4770,122,0,63,0,,,,
4,2026-09-22 17:05:10+02:00,,,2026-09-23 03:36:33.252901+02:00,mqtt,,,,3671,0,41,0,0,,0,,,0,False,False,0,-112,32,1056,23.11,,968.9,3.9,132.5496,0.004295,6755,33.5,5068,122,0,63,0,,,,
4,2026-09-22 17:10:11+02:00,,,2026-09-23 03:36:33.252901+02:00,mqtt,,,,3672,0,41,0,0,,0,,,0,False,False,0,-92,28,1040,22.81,,968.8,3.8,132.5802,-0.001864,16170,34.0,5366,122,0,63,0,,,,
4,2026-09-22 17:15:12+02:00,,,2026-09-23 03:36:33.252901+02:00,mqtt,,,,3672,0,41,0,0,,0,,,0,False,False,0,-104,36,1048,22.61,,968.8,3.8,132.6222,-0.000292,43978,34.5,5664,122,0,63,0,,,,
4,2026-09-22 17:20:13+02:00,,,2026-09-23 03:36:33.252901+02:00,mqtt,,,,3672,0,41,0,0,,0,,,0,False,False,0,-100,36,1040,22.56,,968.8,3.8,132.5844,0.000457,51092,33.5,5962,122,0,63,0,,,,
4,2026-09-22 17:25:14+02:00,,,2026-09-23 03:36:33.252901+02:00,mqtt,,,,3671,-1,41,0,0,,0,,,0,False,False,0,-100,48,1048,22.52,,968.8,3.8,132.6454,0.001924,50622,34.0,6260,122,0,63,0,,,,
4,2026-09-22 17:30:15+02:00,,,2026-09-23 03:36:33.252901+02:00,mqtt,,,,3671,0,41,0,0,,0,,,0,False,False,0,-104,36,1040,22.46,,968.7,3.7,132.6181,0.002945,60396,33.5,6558,122,0,63,0,,,,
4,2026-09-22 17:35:16+02:00,,,2026-09-23 03:36:33.252901+02:00,mqtt,,,,3671,0,41,0,0,,0,,,0,False,False,0,-108,32,1052,22.41,,968.7,3.7,132.5846,-0.000557,71139,34.0,6856,122,0,63,0,,,,
4,2026-09-22 17:40:17+02:00,,,2026-09-23 03:36:34.060508+02:00,mqtt,,,,3671,0,41,0,0,,0,,,0,False,False,0,-96,40,1056,22.36,,968.7,3.7,132.6142,-0.002989,83801,35.0,7153,122,0,63,0,,,,
4,2026-09-22 17:45:18+02:00,,,2026-09-23 03:36:34.060508+02:00,mqtt,,,,3672,-1,41,0,0,,0,,,0,False,False,0,-124,36,1052,22.3,,968.7,3.7,132.65,0.000675,97496,33.0,7451,122,0,63,0,,,,
4,2026-09-22 17:50:19+02:00,,,2026-09-23 03:36:34.060508+02:00,mqtt,,,,3671,0,41,0,0,,0,,,0,False,False,0,-116,28,1048,22.25,,968.7,3.7,132.7188,0.001118,115799,33.5,7749,122,0,63,0,,,,
4,2026-09-22 17:55:20+02:00,,,2026-09-23 03:36:34.060508+02:00,mqtt,,,,3671,0,41,0,0,,0,,,0,False,False,0,-120,36,1032,22.25,,968.8,3.8,132.7144,0.001111,123974,33.5,8047,122,0,63,0,,,,
4,2026-09-22 18:00:21+02:00,,,2026-09-23 03:36:34.060508+02:00,mqtt,,,,3671,0,41,0,0,,0,,,0,False,False,0,-132,36,1032,22.23,,968.8,3.8,132.707,0.001734,131471,34.5,8345,122,0,63,0,,,,
4,2026-09-22 18:05:22+02:00,,,2026-09-23 03:36:34.060508+02:00,mqtt,,,,3671,0,41,0,0,,0,,,0,False,False,0,-120,20,1028,22.18,,968.8,3.8,132.6559,0.005561,142620,34.0,8643,122,0,63,0,,,,
4,2026-09-22 18:10:23+02:00,,,2026-09-23 03:36:34.060508+02:00,mqtt,,,,3671,0,41,0,0,,0,,,0,False,False,0,-108,20,1028,22.16,,968.8,3.8,132.7067,0.001574,150569,33.5,8941,122,0,63,0,,,,
4,2026-09-22 18:15:24+02:00,,,2026-09-23 03:36:34.060508+02:00,mqtt,,,,3671,0,41,0,0,,0,,,0,False,False,0,-112,48,1048,22.12,,968.8,3.8,132.6884,0.000712,156789,33.5,9238,122,0,63,0,,,,
4,2026-09-22 18:20:25+02:00,,,2026-09-23 03:36:34.858016+02:00,mqtt,,,,3671,0,41,0,0,,0,,,0,False,False,0,-112,40,1060,22.08,,968.9,3.9,132.7723,0.004555,165645,34.5,9536,122,0,63,0,,,,
4,2026-09-22 18:25:26+02:00,,,2026-09-23 03:36:34.858016+02:00,mqtt,,,,3672,-1,41,0,0,,0,,,0,False,False,0,-128,44,1052,22.07,,968.9,3.9,132.7112,0.00252,166437,33.5,9834,122,0,63,0,,,,
4,2026-09-22 18:30:27+02:00,,,2026-09-23 03:36:34.858016+02:00,mqtt,,,,3671,0,41,0,0,,0,,,0,False,False,0,-120,36,1036,22.03,,968.9,3.9,132.7119,-0.001277,182135,34.0,10132,122,0,63,0,,,,
4,2026-09-22 18:35:28+02:00,,,2026-09-23 03:36:34.858016+02:00,mqtt,,,,3671,0,41,0,0,,0,,,0,False,False,0,-108,36,1048,22.01,,968.9,3.9,132.7903,0.000567,187889,32.5,10429,122,0,63,0,,,,
4,2026-09-22 18:40:29+02:00,,,2026-09-23 03:36:34.858016+02:00,mqtt,,,,3671,0,41,0,0,,0,,,0,False,False,0,-112,36,1052,21.98,,968.9,3.9,132.7926,-0.004019,191577,34.0,10727,122,0,63,0,,,,
4,2026-09-22 18:45:29+02:00,,,2026-09-23 03:36:34.858016+02:00,mqtt,,,,3671,0,41,0,0,,0,,,0,False,False,0,-112,24,1028,21.94,,968.9,3.9,132.6829,0.001708,190800,35.5,11025,122,0,63,0,,,,
4,2026-09-22 18:50:30+02:00,,,2026-09-23 03:36:34.858016+02:00,mqtt,,,,3671,0,41,0,0,,0,,,0,False,False,0,-112,56,1052,21.93,,968.9,3.9,132.7818,0.002323,183001,33.5,11323,122,0,63,0,,,,
4,2026-09-22 18:55:31+02:00,,,2026-09-23 03:36:34.858016+02:00,mqtt,,,,3671,-1,41,0,0,,0,,,0,False,False,0,-100,40,1040,21.9,,968.9,3.9,132.7638,-0.001084,177970,32.5,11621,122,0,63,0,,,,
4,2026-09-22 19:00:32+02:00,,,2026-09-23 03:36:35.657352+02:00,mqtt,,,,3671,0,41,0,0,,0,,,0,False,False,0,-124,60,1036,21.9,,969.0,4.0,132.7448,0.000191,165017,33.5,11919,122,0,63,0,,,,
4,2026-09-22 19:05:33+02:00,,,2026-09-23 03:36:35.657352+02:00,mqtt,,,,3671,0,41,0,0,,0,,,0,False,False,0,-128,32,1044,21.87,,969.0,4.0,132.7604,-0.003456,152747,33.5,12217,122,0,63,0,,,,
4,2026-09-22 19:10:34+02:00,,,2026-09-23 03:36:35.657352+02:00,mqtt,,,,3671,0,41,0,0,,0,,,0,False,False,0,-112,28,1036,21.83,,969.0,4.0,132.7676,-0.001688,150858,35.0,12515,122,0,63,0,,,,
4,2026-09-22 19:15:35+02:00,,,2026-09-23 03:36:35.657352+02:00,mqtt,,,,3671,0,41,0,0,,0,,,0,False,False,0,-112,32,1044,21.84,,969.0,4.0,132.7966,0.001541,150639,33.0,12813,122,0,63,0,,,,
4,2026-09-22 19:20:36+02:00,,,2026-09-23 03:36:35.657352+02:00,mqtt,,,,3671,0,41,0,0,,0,,,0,False,False,0,-112,40,1044,21.8,,969.0,4.0,132.8577,-0.004206,141148,33.5,13111,122,0,63,0,,,,
4,2026-09-22 19:25:37+02:00,,,2026-09-23 03:36:35.657352+02:00,mqtt,,,,3671,0,41,0,0,,0,,,0,False,False,0,-100,32,1052,21.79,,969.0,4.0,132.7544,-0.002522,133320,31.5,13409,122,0,63,0,,,,
4,2026-09-22 19:30:38+02:00,,,2026-09-23 03:36:35.657352+02:00,mqtt,,,,3670,-1,41,0,0,,0,,,0,False,False,0,-104,44,1032,21.76,,969.0,4.0,132.8078,0.0,113591,34.5,13707,122,0,63,0,,,,
4,2026-09-22 19:35:39+02:00,,,2026-09-23 03:36:35.657352+02:00,mqtt,,,,3671,0,41,0,0,,0,,,0,False,False,0,-116,40,1044,21.72,,969.1,4.1,132.8133,-0.000923,101945,35.0,14005,122,0,63,0,,,,
4,2026-09-22 19:40:40+02:00,,,2026-09-23 03:36:36.451479+02:00,mqtt,,,,3671,0,41,0,0,,0,,,0,False,False,0,-124,40,1052,21.72,,969.1,4.1,132.8187,-0.008388,62186,33.5,14303,122,0,63,0,,,,
4,2026-09-22 19:45:41+02:00,,,2026-09-23 03:36:36.451479+02:00,mqtt,,,,3671,0,41,0,0,,0,,,0,False,False,0,-128,36,1056,21.71,,969.1,4.1,132.8614,-0.000876,31091,34.0,14601,122,0,63,0,,,,
4,2026-09-22 19:50:42+02:00,,,2026-09-23 03:36:36.451479+02:00,mqtt,,,,3671,0,41,0,0,,0,,,0,False,False,0,-120,36,1048,21.69,,969.1,4.1,132.8369,0.00388,7383,32.5,14899,122,0,63,0,,,,
4,2026-09-22 19:55:43+02:00,,,2026-09-23 03:36:36.451479+02:00,mqtt,,,,3671,0,41,0,0,,0,,,0,False,False,0,-124,44,1036,21.69,,969.1,4.1,132.8375,0.000468,298,33.5,15197,122,0,63,0,,,,
4,2026-09-22 20:00:44+02:00,,,2026-09-23 03:36:36.451479+02:00,mqtt,,,,3670,0,41,0,0,,0,,,0,False,False,0,-108,44,1040,21.66,,969.1,4.1,132.821,0.000174,1369,33.5,15495,122,0,63,0,,,,
4,2026-09-22 20:05:45+02:00,,,2026-09-23 03:36:36.451479+02:00,mqtt,,,,3671,0,41,0,0,,0,,,0,False,False,0,-124,40,1052,21.65,,969.2,4.2,132.8515,-0.00723,426,34.0,15792,122,0,63,0,,,,
4,2026-09-22 20:10:46+02:00,,,2026-09-23 03:36:36.451479+02:00,mqtt,,,,3671,0,41,0,0,,0,,,0,False,False,0,-104,40,1036,21.62,,969.2,4.2,132.8299,-0.00282,0,35.5,16090,122,0,63,0,,,,
4,2026-09-22 20:15:47+02:00,,,2026-09-23 03:36:36.451479+02:00,mqtt,,,,3671,0,41,0,0,,0,,,0,False,False,0,-116,32,1044,21.61,,969.2,4.2,132.8258,0.001256,72,35.0,16388,122,0,63,0,,,,
4,2026-09-22 20:20:48+02:00,,,2026-09-23 03:36:37.251511+02:00,mqtt,,,,3670,-1,41,0,0,,0,,,0,False,False,0,-112,36,1036,21.59,,969.3,4.3,132.842,-0.000107,1345,35.0,16686,122,0,63,0,,,,
4,2026-09-22 20:25:49+02:00,,,2026-09-23 03:36:37.251511+02:00,mqtt,,,,3670,0,41,0,0,,0,,,0,False,False,0,-120,24,1068,21.59,,969.2,4.2,132.8558,0.002098,120,33.5,16984,122,0,63,0,,,,
4,2026-09-22 20:30:50+02:00,,,2026-09-23 03:36:37.251511+02:00,mqtt,,,,3670,0,41,0,0,,0,,,0,False,False,0,-112,20,1044,21.59,,969.3,4.3,132.8518,6.2e-05,3,37.5,17282,122,0,63,0,,,,
4,2026-09-22 20:35:51+02:00,,,2026-09-23 03:36:37.251511+02:00,mqtt,,,,3670,0,41,0,0,,0,,,0,False,False,0,-108,28,1044,21.57,,969.3,4.3,132.8651,0.001898,340,33.5,17580,122,0,63,0,,,,
4,2026-09-22 20:40:52+02:00,,,2026-09-23 03:36:37.251511+02:00,mqtt,,,,3671,0,41,0,0,,0,,,0,False,False,0,-104,40,1052,21.55,,969.3,4.3,132.8624,-0.003082,951,33.5,17878,122,0,63,0,,,,
4,2026-09-22 20:45:53+02:00,,,2026-09-23 03:36:37.251511+02:00,mqtt,,,,3671,0,41,0,0,,0,,,0,False,False,0,-108,28,1052,21.55,,969.4,4.4,132.8815,-0.003764,0,35.0,18176,122,0,63,0,,,,
4,2026-09-22 20:50:54+02:00,,,2026-09-23 03:36:37.251511+02:00,mqtt,,,,3671,0,41,0,0,,0,,,0,False,False,0,-112,12,1048,21.54,,969.4,4.4,132.8224,0.001046,100,33.5,18474,122,0,63,0,,,,
4,2026-09-22 20:55:55+02:00,,,2026-09-23 03:36:37.251511+02:00,mqtt,,,,3670,0,41,0,0,,0,,,0,False,False,0,-104,36,1036,21.52,,969.5,4.5,132.8556,-0.007253,0,33.0,18772,122,0,63,0,,,,
4,2026-09-22 21:00:56+02:00,,,2026-09-23 03:36:38.048472+02:00,mqtt,,,,3670,-1,41,0,0,,0,,,0,False,False,0,-96,44,1032,21.52,,969.5,4.5,132.8353,-0.003997,0,34.0,19070,122,0,63,0,,,,
4,2026-09-22 21:05:57+02:00,,,2026-09-23 03:36:38.048472+02:00,mqtt,,,,3670,0,41,0,0,,0,,,0,False,False,0,-112,44,1060,21.5,,969.5,4.5,132.8965,0.001123,64,34.0,19368,122,0,63,0,,,,
4,2026-09-22 21:10:58+02:00,,,2026-09-23 03:36:38.048472+02:00,mqtt,,,,3670,0,41,0,0,,0,,,0,False,False,0,-116,40,1040,21.5,,969.5,4.5,132.8631,0.000453,1633,36.0,19665,122,0,63,0,,,,
4,2026-09-22 21:15:59+02:00,,,2026-09-23 03:36:38.048472+02:00,mqtt,,,,3670,0,41,0,0,,0,,,0,False,False,0,-104,36,1036,21.48,,969.6,4.6,132.8472,-0.005452,0,34.5,19963,122,0,63,0,,,,
4,2026-09-22 21:21:00+02:00,,,2026-09-23 03:36:38.048472+02:00,mqtt,,,,3670,0,41,0,0,,0,,,0,False,False,0,-116,44,1052,21.48,,969.7,4.7,132.8969,-0.003711,720,33.5,20261,122,0,63,0,,,,
4,2026-09-22 21:26:01+02:00,,,2026-09-23 03:36:38.048472+02:00,mqtt,,,,3671,0,41,0,0,,0,,,0,False,False,0,-112,48,1024,21.47,,969.7,4.7,132.8734,-0.00041,0,34.5,20559,122,0,63,0,,,,
4,2026-09-22 21:31:02+02:00,,,2026-09-23 03:36:38.048472+02:00,mqtt,,,,3670,0,41,0,0,,0,,,0,False,False,0,-128,20,1052,21.46,,969.7,4.7,132.9279,-0.001845,390,30.0,20857,122,0,63,0,,,,
4,2026-09-22 21:36:03+02:00,,,2026-09-23 03:36:38.048472+02:00,mqtt,,,,3670,0,41,0,0,,0,,,0,False,False,0,-108,28,1036,21.45,,969.6,4.6,132.8891,2.3e-05,2002,33.0,21155,122,0,63,0,,,,
4,2026-09-22 21:41:04+02:00,,,2026-09-23 03:36:38.847488+02:00,mqtt,,,,3670,0,41,0,0,,0,,,0,False,False,0,-104,40,1064,21.43,,969.7,4.7,132.9286,0.000999,205,34.0,21452,122,0,63,0,,,,
4,2026-09-22 21:46:05+02:00,,,2026-09-23 03:36:38.847488+02:00,mqtt,,,,3670,0,41,0,0,,0,,,0,False,False,0,-104,28,1028,21.43,,969.7,4.7,132.9389,-0.001439,0,34.0,21750,122,0,63,0,,,,
4,2026-09-22 21:51:06+02:00,,,2026-09-23 03:36:38.847488+02:00,mqtt,,,,3670,0,41,0,0,,0,,,0,False,False,0,-112,44,1056,21.42,,969.7,4.7,132.9507,-7.8e-05,508,35.0,22048,122,0,63,0,,,,
4,2026-09-22 21:56:07+02:00,,,2026-09-23 03:36:38.847488+02:00,mqtt,,,,3670,-1,41,0,0,,0,,,0,False,False,0,-84,32,1052,21.41,,969.7,4.7,132.9273,0.002649,1978,33.0,22346,122,0,63,0,,,,
4,2026-09-22 22:01:08+02:00,,,2026-09-23 03:36:38.847488+02:00,mqtt,,,,3670,0,41,0,0,,0,,,0,False,False,0,-100,40,1044,21.4,,969.7,4.7,132.8682,-0.003235,0,35.0,22644,122,0,63,0,,,,
4,2026-09-22 22:06:09+02:00,,,2026-09-23 03:36:38.847488+02:00,mqtt,,,,3670,0,41,0,0,,0,,,0,False,False,0,-104,48,1044,21.4,,969.7,4.7,132.9347,-0.000895,0,35.5,22943,122,0,63,0,,,,
4,2026-09-22 22:11:10+02:00,,,2026-09-23 03:36:38.847488+02:00,mqtt,,,,3670,0,41,0,0,,0,,,0,False,False,0,-92,28,1056,21.4,,969.7,4.7,132.8947,7.8e-05,2429,35.0,23241,122,0,63,0,,,,
4,2026-09-22 22:16:11+02:00,,,2026-09-23 03:36:38.847488+02:00,mqtt,,,,3670,0,41,0,0,,0,,,0,False,False,0,-120,32,1028,21.39,,969.7,4.7,132.9842,0.002757,158,35.0,23538,122,0,63,0,,,,
4,2026-09-22 22:21:12+02:00,,,2026-09-23 03:36:39.651814+02:00,mqtt,,,,3670,0,41,0,0,,0,,,0,False,False,0,-104,36,1020,21.38,,969.7,4.7,132.8854,0.00214,123,34.5,23837,122,0,63,0,,,,
4,2026-09-22 22:26:13+02:00,,,2026-09-23 03:36:39.651814+02:00,mqtt,,,,3670,0,41,0,0,,0,,,0,False,False,0,-104,28,1020,21.38,,969.7,4.7,132.9344,-0.001504,0,35.0,24134,122,0,63,0,,,,
4,2026-09-22 22:31:14+02:00,,,2026-09-23 03:36:39.651814+02:00,mqtt,,,,3670,0,41,0,0,,0,,,0,False,False,0,-108,32,1036,21.38,,969.7,4.7,132.927,-0.003603,0,33.5,24433,122,0,63,0,,,,
4,2026-09-22 22:36:15+02:00,,,2026-09-23 03:36:39.651814+02:00,mqtt,,,,3670,0,41,0,0,,0,,,0,False,False,0,-92,24,1056,21.37,,969.7,4.7,132.8625,-0.002935,0,34.0,24731,122,0,63,0,,,,
4,2026-09-22 22:41:16+02:00,,,2026-09-23 03:36:39.651814+02:00,mqtt,,,,3670,-1,41,0,0,,0,,,0,False,False,0,-112,28,1056,21.37,,969.7,4.7,132.9226,-0.001755,53,35.0,25029,122,0,63,0,,,,
4,2026-09-22 22:46:17+02:00,,,2026-09-23 03:36:39.651814+02:00,mqtt,,,,3670,-1,41,0,0,,0,,,0,False,False,0,-112,40,1048,21.35,,969.7,4.7,132.9073,0.000129,7,35.0,25327,122,0,63,0,,,,
4,2026-09-22 22:51:18+02:00,,,2026-09-23 03:36:39.651814+02:00,mqtt,,,,3670,0,41,0,0,,0,,,0,False,False,0,-120,44,1052,21.34,,969.8,4.8,132.9221,-0.003619,0,34.5,25625,122,0,63,0,,,,
4,2026-09-22 22:56:19+02:00,,,2026-09-23 03:36:39.651814+02:00,mqtt,,,,3670,0,41,0,0,,0,,,0,False,False,0,-104,32,1040,21.35,,969.8,4.8,132.9268,-0.003996,0,36.0,25923,122,0,63,0,,,,
4,2026-09-22 23:01:20+02:00,,,2026-09-23 03:36:40.472518+02:00,mqtt,,,,3670,0,41,0,0,,0,,,0,False,False,0,-108,28,1036,21.34,,969.8,4.8,132.9514,-7.2e-05,1108,33.0,26221,122,0,63,0,,,,
4,2026-09-22 23:06:21+02:00,,,2026-09-23 03:36:40.472518+02:00,mqtt,,,,3670,-1,41,0,0,,0,,,0,False,False,0,-120,36,1040,21.33,,969.8,4.8,132.8945,-0.003295,0,34.5,26519,122,0,63,0,,,,
4,2026-09-22 23:11:22+02:00,,,2026-09-23 03:36:40.472518+02:00,mqtt,,,,3670,0,41,0,0,,0,,,0,False,False,0,-104,44,1048,21.32,,969.8,4.8,132.979,0.000713,937,37.5,26816,122,0,63,0,,,,
4,2026-09-22 23:16:23+02:00,,,2026-09-23 03:36:40.472518+02:00,mqtt,,,,3670,0,41,0,0,,0,,,0,False,False,0,-124,44,1056,21.32,,969.8,4.8,132.9023,-0.001331,0,35.5,27114,122,0,63,0,,,,
4,2026-09-22 23:21:24+02:00,,,2026-09-23 03:36:40.472518+02:00,mqtt,,,,3670,-1,41,0,0,,0,,,0,False,False,0,-120,52,1004,21.31,,969.8,4.8,132.917,0.001961,112,34.0,27412,122,0,63,0,,,,
4,2026-09-22 23:26:25+02:00,,,2026-09-23 03:36:40.472518+02:00,mqtt,,,,3670,0,41,0,0,,0,,,0,False,False,0,-124,28,1048,21.32,,969.8,4.8,132.8986,-0.001375,2422,34.5,27710,122,0,63,0,,,,
4,2026-09-22 23:31:26+02:00,,,2026-09-23 03:36:40.472518+02:00,mqtt,,,,3670,0,41,0,0,,0,,,0,False,False,0,-108,20,1056,21.31,,969.7,4.7,132.9025,-0.006012,1166,33.0,28008,122,0,63,0,,,,
4,2026-09-22 23:36:26+02:00,,,2026-09-23 03:36:40.472518+02:00,mqtt,,,,3671,0,41,0,0,,0,,,0,False,False,0,-100,36,1048,21.29,,969.7,4.7,132.9555,0.002279,7355,34.5,28306,122,0,63,0,,,,
4,2026-09-22 23:41:27+02:00,,,2026-09-23 03:36:41.322445+02:00,mqtt,,,,3670,-1,41,0,0,,0,,,0,False,False,0,-132,48,1048,21.3,,969.7,4.7,132.9524,-0.001524,659,36.0,28604,122,0,63,0,,,,
4,2026-09-22 23:46:28+02:00,,,2026-09-23 03:36:41.322445+02:00,mqtt,,,,3670,0,41,0,0,,0,,,0,False,False,0,-104,12,1028,21.29,,969.7,4.7,132.9478,-0.002972,639,33.0,28901,122,0,63,0,,,,
4,2026-09-22 23:51:29+02:00,,,2026-09-23 03:36:41.322445+02:00,mqtt,,,,3670,0,41,0,0,,0,,,0,False,False,0,-96,28,1024,21.27,,969.7,4.7,132.9361,-0.002871,0,33.0,29199,122,0,63,0,,,,
4,2026-09-22 23:56:30+02:00,,,2026-09-23 03:36:41.322445+02:00,mqtt,,,,3670,0,41,0,0,,0,,,0,False,False,0,-100,36,1048,21.29,,969.7,4.7,132.9157,-0.002499,0,33.5,29497,122,0,63,0,,,,
4,2026-09-23 00:01:31+02:00,,,2026-09-23 03:36:41.322445+02:00,mqtt,,,,3670,0,41,0,0,,0,,,0,False,False,0,-132,28,1048,21.28,,969.6,4.6,132.9583,-0.001422,67,33.5,29795,122,0,63,0,,,,
4,2026-09-23 00:06:32+02:00,,,2026-09-23 03:36:41.322445+02:00,mqtt,,,,3670,0,41,0,0,,0,,,0,False,False,0,-116,48,1040,21.27,,969.5,4.5,132.9134,-0.001023,0,36.0,30094,122,0,63,0,,,,
4,2026-09-23 00:11:33+02:00,,,2026-09-23 03:36:41.322445+02:00,mqtt,,,,3670,0,41,0,0,,0,,,0,False,False,0,-112,40,1040,21.27,,969.5,4.5,132.9563,0.002357,6260,34.5,30391,122,0,63,0,,,,
4,2026-09-23 00:16:34+02:00,,,2026-09-23 03:36:41.322445+02:00,mqtt,,,,3670,0,41,0,0,,0,,,0,False,False,0,-116,28,1044,21.28,,969.5,4.5,132.9053,0.000921,340,33.0,30689,122,0,63,0,,,,
4,2026-09-23 00:21:35+02:00,,,2026-09-23 03:36:42.220882+02:00,mqtt,,,,3670,0,41,0,0,,0,,,0,False,False,0,-92,48,1052,21.25,,969.5,4.5,132.9348,-0.001011,571,34.0,30987,122,0,63,0,,,,
4,2026-09-23 00:26:36+02:00,,,2026-09-23 03:36:42.220882+02:00,mqtt,,,,3670,0,41,0,0,,0,,,0,False,False,0,-128,36,1044,21.26,,969.5,4.5,132.8852,-0.001186,52,31.0,31285,122,0,63,0,,,,
4,2026-09-23 00:31:37+02:00,,,2026-09-23 03:36:42.220882+02:00,mqtt,,,,3670,0,41,0,0,,0,,,0,False,False,0,-128,32,1048,21.27,,969.5,4.5,132.956,-0.006387,0,34.0,31583,122,0,63,0,,,,
4,2026-09-23 00:36:38+02:00,,,2026-09-23 03:36:42.220882+02:00,mqtt,,,,3670,0,41,0,0,,0,,,0,False,False,0,-96,32,1036,21.26,,969.5,4.5,132.914,-0.006067,0,36.0,31882,122,0,63,0,,,,
4,2026-09-23 00:41:39+02:00,,,2026-09-23 03:36:42.220882+02:00,mqtt,,,,3670,0,41,0,0,,0,,,0,False,False,0,-104,48,1044,21.27,,969.5,4.5,132.9445,-0.004497,0,35.5,32180,122,0,63,0,,,,
4,2026-09-23 00:46:40+02:00,,,2026-09-23 03:36:42.220882+02:00,mqtt,,,,3670,-1,41,0,0,,0,,,0,False,False,0,-108,32,1028,21.26,,969.4,4.4,132.9188,-0.001656,0,33.5,32478,122,0,63,0,,,,
4,2026-09-23 00:51:41+02:00,,,2026-09-23 03:36:42.220882+02:00,mqtt,,,,3670,-1,41,0,0,,0,,,0,False,False,0,-108,32,1040,21.24,,969.4,4.4,132.9334,-0.004497,748,34.5,32776,122,0,63,0,,,,
4,2026-09-23 00:56:42+02:00,,,2026-09-23 03:36:42.220882+02:00,mqtt,,,,3670,0,41,0,0,,0,,,0,False,False,0,-120,28,1056,21.24,,969.4,4.4,132.8633,-0.00184,0,32.5,33074,122,0,63,0,,,,
4,2026-09-23 01:01:43+02:00,,,2026-09-23 03:36:43.052561+02:00,mqtt,,,,3670,0,41,0,0,,0,,,0,False,False,0,-112,28,1060,21.25,,969.3,4.3,132.9131,0.001631,2049,34.5,33372,122,0,63,0,,,,
4,2026-09-23 01:06:44+02:00,,,2026-09-23 03:36:43.052561+02:00,mqtt,,,,3670,0,41,0,0,,0,,,0,False,False,0,-128,32,1052,21.25,,969.2,4.2,132.9615,-0.004851,0,33.5,33670,122,0,63,0,,,,
4,2026-09-23 01:11:45+02:00,,,2026-09-23 03:36:43.052561+02:00,mqtt,,,,3670,0,41,0,0,,0,,,0,False,False,0,-116,24,1036,21.25,,969.2,4.2,132.8765,-0.000884,0,34.0,33967,122,0,63,0,,,,
4,2026-09-23 01:16:46+02:00,,,2026-09-23 03:36:43.052561+02:00,mqtt,,,,3670,-1,41,0,0,,0,,,0,False,False,0,-104,36,1048,21.25,,969.1,4.1,132.8775,-0.003165,1617,34.0,34265,122,0,63,0,,,,
4,2026-09-23 01:21:47+02:00,,,2026-09-23 03:36:43.052561+02:00,mqtt,,,,3670,0,41,0,0,,0,,,0,False,False,0,-124,40,1040,21.23,,969.2,4.2,132.9548,0.004028,3348,35.0,34563,122,0,63,0,,,,
4,2026-09-23 01:26:48+02:00,,,2026-09-23 03:36:43.052561+02:00,mqtt,,,,3670,0,41,0,0,,0,,,0,False,False,0,-116,40,1036,21.24,,969.1,4.1,132.9783,0.002225,180,34.5,34861,122,0,63,0,,,,
4,2026-09-23 01:31:49+02:00,,,2026-09-23 03:36:43.052561+02:00,mqtt,,,,3670,0,41,0,0,,0,,,0,False,False,0,-96,60,1048,21.21,,969.1,4.1,132.9941,0.004664,9151,33.0,35159,122,0,63,0,,,,
4,2026-09-23 01:36:50+02:00,,,2026-09-23 03:36:43.052561+02:00,mqtt,,,,3670,0,41,0,0,,0,,,0,False,False,0,-108,40,1048,21.19,,969.0,4.0,132.9876,-0.000278,16341,33.5,35457,122,0,63,0,,,,
4,2026-09-23 01:41:51+02:00,,,2026-09-23 03:36:43.854423+02:00,mqtt,,,,3669,0,41,0,0,,0,,,0,False,False,0,-112,36,1044,21.19,,969.0,4.0,132.9223,0.007788,3360,33.5,35755,122,0,63,0,,,,
4,2026-09-23 01:46:52+02:00,,,2026-09-23 03:36:43.854423+02:00,mqtt,,,,3670,0,41,0,0,,0,,,0,False,False,0,-116,24,1040,21.18,,969.0,4.0,132.9911,-0.000416,1262,32.5,36053,122,0,63,0,,,,
4,2026-09-23 01:51:53+02:00,,,2026-09-23 03:36:43.854423+02:00,mqtt,,,,3669,0,41,0,0,,0,,,0,False,False,0,-116,24,1028,21.17,,969.0,4.0,132.9313,-0.000319,4843,32.5,36351,122,0,63,0,,,,
4,2026-09-23 01:56:54+02:00,,,2026-09-23 03:36:43.854423+02:00,mqtt,,,,3670,0,41,0,0,,0,,,0,False,False,0,-116,32,1052,21.18,,969.0,4.0,132.9158,-0.000398,13916,32.5,36649,122,0,63,0,,,,
4,2026-09-23 02:01:55+02:00,,,2026-09-23 03:36:43.854423+02:00,mqtt,,,,3669,0,41,0,0,,0,,,0,False,False,0,-128,40,1064,21.17,,969.0,4.0,132.9299,-0.010041,0,35.5,36947,122,0,63,0,,,,
4,2026-09-23 02:06:56+02:00,,,2026-09-23 03:36:43.854423+02:00,mqtt,,,,3670,0,41,0,0,,0,,,0,False,False,0,-116,36,1048,21.18,,969.0,4.0,132.9877,-0.001985,0,33.0,37245,122,0,63,0,,,,
4,2026-09-23 02:11:57+02:00,,,2026-09-23 03:36:43.854423+02:00,mqtt,,,,3670,0,41,0,0,,0,,,0,False,False,0,-108,36,1060,21.15,,969.0,4.0,132.9082,-0.001145,1974,34.0,37543,122,0,63,0,,,,
4,2026-09-23 02:16:58+02:00,,,2026-09-23 03:36:43.854423+02:00,mqtt,,,,3669,0,41,0,0,,0,,,0,False,False,0,-104,44,1032,21.17,,969.0,4.0,132.9548,0.000741,1338,34.5,37841,122,0,63,0,,,,
4,2026-09-23 02:21:59+02:00,,,2026-09-23 03:36:44.650606+02:00,mqtt,,,,3670,0,41,0,0,,0,,,0,False,False,0,-124,28,1056,21.15,,969.0,4.0,133.0025,0.00013,683,34.0,38139,122,0,63,0,,,,
4,2026-09-23 02:27:00+02:00,,,2026-09-23 03:36:44.650606+02:00,mqtt,,,,3669,0,41,0,0,,0,,,0,False,False,0,-132,36,1036,21.12,,969.0,4.0,132.8991,-0.004556,654,31.5,38437,122,0,63,0,,,,
4,2026-09-23 02:32:01+02:00,,,2026-09-23 03:36:44.650606+02:00,mqtt,,,,3670,0,41,0,0,,0,,,0,False,False,0,-124,40,1036,21.14,,969.0,4.0,132.9462,0.001829,6085,33.5,38735,122,0,63,0,,,,
4,2026-09-23 02:37:02+02:00,,,2026-09-23 03:36:44.650606+02:00,mqtt,,,,3669,0,41,0,0,,0,,,0,False,False,0,-108,28,1044,21.12,,969.0,4.0,132.9735,0.001547,5219,34.0,39033,122,0,63,0,,,,
4,2026-09-23 02:42:03+02:00,,,2026-09-23 03:36:44.650606+02:00,mqtt,,,,3670,0,41,0,0,,0,,,0,False,False,0,-100,32,1052,21.12,,968.9,3.9,132.9372,0.000414,2101,33.0,39331,122,0,63,0,,,,
4,2026-09-23 02:47:04+02:00,,,2026-09-23 03:36:44.650606+02:00,mqtt,,,,3670,0,41,0,0,,0,,,0,False,False,0,-92,24,1044,21.12,,968.9,3.9,132.9121,-0.008286,3141,35.0,39629,122,0,63,0,,,,
4,2026-09-23 02:52:05+02:00,,,2026-09-23 03:36:44.650606+02:00,mqtt,,,,3669,-1,41,0,0,,0,,,0,False,False,0,-100,24,1012,21.1,,968.8,3.8,132.9762,0.000132,7,34.5,39927,122,0,63,0,,,,
4,2026-09-23 02:57:06+02:00,,,2026-09-23 03:36:44.650606+02:00,mqtt,,,,3670,0,41,0,0,,0,,,0,False,False,0,-100,28,1044,21.11,,968.8,3.8,132.9337,0.000833,4609,34.0,40225,122,0,63,0,,,,
4,2026-09-23 03:02:07+02:00,,,2026-09-23 03:36:45.444044+02:00,mqtt,,,,3669,0,41,0,0,,0,,,0,False,False,0,-96,28,1044,21.12,,968.7,3.7,132.9168,0.001307,8557,33.0,40522,122,0,63,0,,,,
4,2026-09-23 03:07:08+02:00,,,2026-09-23 03:36:45.444044+02:00,mqtt,,,,3670,0,41,0,0,,0,,,0,False,False,0,-112,32,1040,21.09,,968.7,3.7,132.9545,-0.002252,14121,32.5,40820,122,0,63,0,,,,
4,2026-09-23 03:12:09+02:00,,,2026-09-23 03:36:45.444044+02:00,mqtt,,,,3670,0,41,0,0,,0,,,0,False,False,0,-104,20,1036,21.08,,968.6,3.6,132.9699,0.00018,23088,34.0,41118,122,0,63,0,,,,
4,2026-09-23 03:17:10+02:00,,,2026-09-23 03:36:45.444044+02:00,mqtt,,,,3669,0,41,0,0,,0,,,0,False,False,0,-104,28,1056,21.09,,968.5,3.5,132.9553,0.001527,21844,33.0,41416,122,0,63,0,,,,
4,2026-09-23 03:22:11+02:00,,,2026-09-23 03:36:45.444044+02:00,mqtt,,,,3670,0,41,0,0,,0,,,0,False,False,0,-112,32,1044,21.07,,968.5,3.5,132.9447,-0.001055,19966,35.0,41714,122,0,63,0,,,,
4,2026-09-23 03:27:12+02:00,,,2026-09-23 03:36:45.444044+02:00,mqtt,,,,3669,0,41,0,0,,0,,,0,False,False,0,-108,36,1040,21.08,,968.4,3.4,132.9683,0.001344,18790,34.5,42012,122,0,63,0,,,,
4,2026-09-23 03:32:13+02:00,,,2026-09-23 03:36:45.444044+02:00,mqtt,,,,3670,0,41,0,0,,0,,,0,False,False,0,-124,40,1064,21.07,,968.3,3.3,132.9234,0.006276,19172,32.5,42310,122,0,63,0,,,,
4,2026-09-23 03:37:14+02:00,,,2026-09-23 03:36:45.444044+02:00,mqtt,,,,3669,0,41,0,0,,0,,,0,False,False,0,-120,28,1040,21.06,,968.3,3.3,132.9222,0.005,37571,33.0,42608,122,0,63,0,,,,
4,2026-09-23 03:41:46+02:00,,,2026-09-23 09:24:44.518286+02:00,mqtt,,,,3669,0,41,0,0,,0,,,0,False,False,0,-96,16,1040,21.15,,968.3,3.3,132.9503,0.009063,37328,34.5,42941,122,0,63,0,,,,
4,2026-09-23 03:46:47+02:00,,,2026-09-23 09:24:44.518286+02:00,mqtt,,,,3669,0,41,0,0,,0,,,0,False,False,0,-100,28,1036,21.13,,968.4,3.4,132.9038,-0.000791,29860,34.5,43239,122,0,63,0,,,,
4,2026-09-23 03:51:48+02:00,,,2026-09-23 09:24:44.518286+02:00,mqtt,,,,3669,0,41,0,0,,0,,,0,False,False,0,-108,48,1044,21.1,,968.3,3.3,132.9583,0.001616,26986,34.5,43536,122,0,63,0,,,,
4,2026-09-23 03:56:49+02:00,,,2026-09-23 09:24:44.518286+02:00,mqtt,,,,3669,0,41,0,0,,0,,,0,False,False,0,-116,24,1032,21.11,,968.3,3.3,132.9926,0.000187,24324,33.5,43834,122,0,63,0,,,,
4,2026-09-23 04:01:50+02:00,,,2026-09-23 09:24:44.518286+02:00,mqtt,,,,3669,0,41,0,0,,0,,,0,False,False,0,-112,44,1044,21.06,,968.2,3.2,132.9222,-0.00378,16763,33.5,44131,122,0,63,0,,,,
4,2026-09-23 04:06:51+02:00,,,2026-09-23 09:24:44.518286+02:00,mqtt,,,,3669,0,41,0,0,,0,,,0,False,False,0,-104,28,1040,21.04,,968.3,3.3,132.9367,0.005216,16219,32.5,44429,122,0,63,0,,,,
4,2026-09-23 04:11:52+02:00,,,2026-09-23 09:24:44.518286+02:00,mqtt,,,,3668,0,40,0,0,,0,,,0,False,False,0,-104,28,1048,21.0,,968.2,3.2,132.9838,-0.000367,39749,34.0,44727,122,0,63,0,,,,
4,2026-09-23 04:16:53+02:00,,,2026-09-23 09:24:44.518286+02:00,mqtt,,,,3669,0,41,0,0,,0,,,0,False,False,0,-132,44,1052,21.0,,968.3,3.3,132.9771,-0.003805,44392,34.0,45025,122,0,63,0,,,,
4,2026-09-23 04:21:54+02:00,,,2026-09-23 09:24:45.402394+02:00,mqtt,,,,3669,0,41,0,0,,0,,,0,False,False,0,-120,36,1036,21.03,,968.2,3.2,132.9963,-0.000215,46465,34.5,45323,122,0,63,0,,,,
4,2026-09-23 04:26:55+02:00,,,2026-09-23 09:24:45.402394+02:00,mqtt,,,,3669,0,41,0,0,,0,,,0,False,False,0,-136,48,1036,21.02,,968.2,3.2,132.948,0.002566,45643,34.0,45621,122,0,63,0,,,,
4,2026-09-23 04:31:56+02:00,,,2026-09-23 09:24:45.402394+02:00,mqtt,,,,3669,0,41,0,0,,0,,,0,False,False,0,-108,40,1044,21.02,,968.2,3.2,132.9586,0.000545,25981,33.5,45919,122,0,63,0,,,,
4,2026-09-23 04:36:57+02:00,,,2026-09-23 09:24:45.402394+02:00,mqtt,,,,3669,0,41,0,0,,0,,,0,False,False,0,-100,36,1052,21.02,,968.2,3.2,132.9438,0.001345,21403,33.5,46216,122,0,63,0,,,,
4,2026-09-23 04:41:58+02:00,,,2026-09-23 09:24:45.402394+02:00,mqtt,,,,3669,0,41,0,0,,0,,,0,False,False,0,-104,40,1040,21.01,,968.2,3.2,133.003,0.001911,22517,33.5,46514,122,0,63,0,,,,
4,2026-09-23 04:46:59+02:00,,,2026-09-23 09:24:45.402394+02:00,mqtt,,,,3669,0,41,0,0,,0,,,0,False,False,0,-104,36,1020,20.99,,968.2,3.2,132.9685,-0.00217,24864,33.0,46812,122,0,63,0,,,,
4,2026-09-23 04:52:00+02:00,,,2026-09-23 09:24:45.402394+02:00,mqtt,,,,3669,0,41,0,0,,0,,,0,False,False,0,-96,44,1044,21.0,,968.1,3.1,132.9583,0.000776,25015,33.5,47110,122,0,63,0,,,,
4,2026-09-23 04:57:01+02:00,,,2026-09-23 09:24:45.402394+02:00,mqtt,,,,3669,0,41,0,0,,0,,,0,False,False,0,-96,36,1040,20.99,,968.1,3.1,132.923,0.003242,34479,34.5,47408,122,0,63,0,,,,
4,2026-09-23 05:02:02+02:00,,,2026-09-23 09:24:46.358922+02:00,mqtt,,,,3669,0,41,0,0,,0,,,0,False,False,0,-116,40,1056,21.0,,968.0,3.0,133.032,-0.003288,5562,33.5,47706,122,0,63,0,,,,
4,2026-09-23 05:07:03+02:00,,,2026-09-23 09:24:46.358922+02:00,mqtt,,,,3669,0,41,0,0,,0,,,0,False,False,0,-112,24,1044,20.99,,968.1,3.1,133.0588,0.002916,5114,33.0,48004,122,0,63,0,,,,
4,2026-09-23 05:12:04+02:00,,,2026-09-23 09:24:46.358922+02:00,mqtt,,,,3669,0,41,0,0,,0,,,0,False,False,0,-100,32,1064,20.97,,968.0,3.0,132.9307,-0.005333,2774,33.0,48301,122,0,63,0,,,,
4,2026-09-23 05:17:05+02:00,,,2026-09-23 09:24:46.358922+02:00,mqtt,,,,3669,0,41,0,0,,0,,,0,False,False,0,-112,24,1020,20.99,,968.1,3.1,132.9868,0.001208,4233,34.0,48599,122,0,63,0,,,,
4,2026-09-23 05:22:06+02:00,,,2026-09-23 09:24:46.358922+02:00,mqtt,,,,3669,0,41,0,0,,0,,,0,False,False,0,-108,32,1040,20.98,,968.1,3.1,132.986,0.002198,2089,33.0,48897,122,0,63,0,,,,
4,2026-09-23 05:27:06+02:00,,,2026-09-23 09:24:46.358922+02:00,mqtt,,,,3668,-1,40,0,0,,0,,,0,False,False,0,-112,32,1040,20.99,,968.1,3.1,132.8941,-0.003783,0,33.0,49195,122,0,63,0,,,,
4,2026-09-23 05:32:07+02:00,,,2026-09-23 09:24:46.358922+02:00,mqtt,,,,3669,-1,41,0,0,,0,,,0,False,False,0,-116,40,1044,20.96,,968.1,3.1,132.9591,0.006768,11711,28.5,49493,122,0,63,0,,,,
4,2026-09-23 05:37:08+02:00,,,2026-09-23 09:24:46.358922+02:00,mqtt,,,,3669,0,41,0,0,,0,,,0,False,False,0,-112,32,1032,20.99,,968.1,3.1,133.0095,-0.002891,11415,34.0,49790,122,0,63,0,,,,
4,2026-09-23 05:42:09+02:00,,,2026-09-23 09:24:47.239889+02:00,mqtt,,,,3669,0,41,0,0,,0,,,0,False,False,0,-112,60,1036,20.98,,968.0,3.0,132.9936,-0.002591,8238,33.5,50088,122,0,63,0,,,,
4,2026-09-23 05:47:10+02:00,,,2026-09-23 09:24:47.239889+02:00,mqtt,,,,3669,0,41,0,0,,0,,,0,False,False,0,-112,32,1032,20.97,,968.0,3.0,132.9864,-0.003753,0,35.0,50386,122,0,63,0,,,,
4,2026-09-23 05:52:11+02:00,,,2026-09-23 09:24:47.239889+02:00,mqtt,,,,3669,-1,41,0,0,,0,,,0,False,False,0,-88,20,1036,20.97,,968.0,3.0,133.0303,-0.001893,2379,33.5,50684,122,0,63,0,,,,
4,2026-09-23 05:57:12+02:00,,,2026-09-23 09:24:47.239889+02:00,mqtt,,,,3669,0,41,0,0,,0,,,0,False,False,0,-116,28,1020,20.99,,967.9,2.9,132.9622,-0.000804,2897,35.0,50982,122,0,63,0,,,,
4,2026-09-23 06:02:13+02:00,,,2026-09-23 09:24:47.239889+02:00,mqtt,,,,3669,0,41,0,0,,0,,,0,False,False,0,-108,36,1044,20.95,,967.9,2.9,133.0196,0.001898,9080,33.5,51279,122,0,63,0,,,,
4,2026-09-23 06:07:14+02:00,,,2026-09-23 09:24:47.239889+02:00,mqtt,,,,3669,0,41,0,0,,0,,,0,False,False,0,-116,36,1044,20.93,,967.8,2.8,132.975,-0.000478,3953,34.0,51577,122,0,63,0,,,,
4,2026-09-23 06:12:15+02:00,,,2026-09-23 09:24:47.239889+02:00,mqtt,,,,3669,0,41,0,0,,0,,,0,False,False,0,-96,44,1040,20.95,,967.8,2.8,132.979,-0.000422,7802,34.5,51875,122,0,63,0,,,,
4,2026-09-23 06:17:16+02:00,,,2026-09-23 09:24:47.239889+02:00,mqtt,,,,3668,0,40,0,0,,0,,,0,False,False,0,-108,48,1048,20.95,,967.8,2.8,132.9293,-0.000343,15481,33.0,52174,122,0,63,0,,,,
4,2026-09-23 06:22:17+02:00,,,2026-09-23 09:24:48.118277+02:00,mqtt,,,,3669,0,41,0,0,,0,,,0,False,False,0,-116,36,1040,20.93,,967.8,2.8,133.0505,-0.002118,7145,34.0,52471,122,0,63,0,,,,
4,2026-09-23 06:27:18+02:00,,,2026-09-23 09:24:48.118277+02:00,mqtt,,,,3668,0,40,0,0,,0,,,0,False,False,0,-96,24,1044,20.94,,967.8,2.8,132.9981,-0.002052,0,33.5,52770,122,0,63,0,,,,
4,2026-09-23 06:32:19+02:00,,,2026-09-23 09:24:48.118277+02:00,mqtt,,,,3669,-1,41,0,0,,0,,,0,False,False,0,-108,20,1016,20.94,,967.9,2.9,133.0592,0.001822,9206,32.0,53068,122,0,63,0,,,,
4,2026-09-23 06:37:20+02:00,,,2026-09-23 09:24:48.118277+02:00,mqtt,,,,3669,0,41,0,0,,0,,,0,False,False,0,-124,36,1052,20.95,,967.9,2.9,133.0546,-0.005232,7659,33.5,53365,122,0,63,0,,,,
4,2026-09-23 06:42:21+02:00,,,2026-09-23 09:24:48.118277+02:00,mqtt,,,,3669,0,41,0,0,,0,,,0,False,False,0,-132,36,1060,20.93,,967.9,2.9,132.942,0.001376,1178,36.0,53663,122,0,63,0,,,,
4,2026-09-23 06:47:22+02:00,,,2026-09-23 09:24:48.118277+02:00,mqtt,,,,3669,0,41,0,0,,0,,,0,False,False,0,-100,48,1048,20.94,,968.0,3.0,133.0206,-0.000782,3004,32.5,53961,122,0,63,0,,,,
4,2026-09-23 06:52:23+02:00,,,2026-09-23 09:24:48.118277+02:00,mqtt,,,,3668,0,40,0,0,,0,,,0,False,False,0,-96,24,1036,20.9,,968.0,3.0,132.9863,0.000412,18646,35.5,54259,122,0,63,0,,,,
4,2026-09-23 06:57:24+02:00,,,2026-09-23 09:24:48.118277+02:00,mqtt,,,,3668,0,40,0,0,,0,,,0,False,False,0,-128,36,1036,20.9,,968.0,3.0,133.0357,0.001297,20429,33.5,54557,122,0,63,0,,,,
4,2026-09-23 07:02:25+02:00,,,2026-09-23 09:24:48.998039+02:00,mqtt,,,,3669,0,41,0,0,,0,,,0,False,False,0,-104,40,1036,20.92,,968.1,3.1,133.0325,0.000832,2947,34.0,54855,122,0,63,0,,,,
4,2026-09-23 07:07:26+02:00,,,2026-09-23 09:24:48.998039+02:00,mqtt,,,,3669,-1,41,0,0,,0,,,0,False,False,0,-120,44,1040,20.91,,968.1,3.1,133.0058,-0.000689,14779,35.0,55153,122,0,63,0,,,,
4,2026-09-23 07:12:27+02:00,,,2026-09-23 09:24:48.998039+02:00,mqtt,,,,3669,-1,41,0,0,,0,,,0,False,False,0,-120,48,1056,20.91,,968.0,3.0,133.0621,0.001387,22929,33.0,55451,122,0,63,0,,,,
4,2026-09-23 07:17:28+02:00,,,2026-09-23 09:24:48.998039+02:00,mqtt,,,,3669,0,41,0,0,,0,,,0,False,False,0,-112,44,1052,20.93,,968.1,3.1,132.9912,-0.007447,606,33.0,55748,122,0,63,0,,,,
4,2026-09-23 07:22:29+02:00,,,2026-09-23 09:24:48.998039+02:00,mqtt,,,,3669,-1,41,0,0,,0,,,0,False,False,0,-120,32,1044,20.92,,968.1,3.1,132.9445,-0.001497,6450,34.5,56046,122,0,63,0,,,,
4,2026-09-23 07:27:30+02:00,,,2026-09-23 09:24:48.998039+02:00,mqtt,,,,3669,0,41,0,0,,0,,,0,False,False,0,-124,12,1024,20.89,,968.1,3.1,133.0385,0.002856,21415,33.5,56344,122,0,63,0,,,,
4,2026-09-23 07:32:31+02:00,,,2026-09-23 09:24:48.998039+02:00,mqtt,,,,3668,0,40,0,0,,0,,,0,False,False,0,-132,48,1056,20.9,,968.1,3.1,132.999,0.002091,35235,32.5,56642,122,0,63,0,,,,
4,2026-09-23 07:37:32+02:00,,,2026-09-23 09:24:48.998039+02:00,mqtt,,,,3668,0,40,0,0,,0,,,0,False,False,0,-120,24,1048,20.92,,968.2,3.2,132.9916,-0.003936,29689,35.0,56939,122,0,63,0,,,,
4,2026-09-23 07:42:33+02:00,,,2026-09-23 09:24:49.878406+02:00,mqtt,,,,3668,0,40,0,0,,0,,,0,False,False,0,-112,32,1032,20.89,,968.2,3.2,133.0002,0.001299,35761,32.5,57237,122,0,63,0,,,,
4,2026-09-23 07:47:34+02:00,,,2026-09-23 09:24:49.878406+02:00,mqtt,,,,3668,0,40,0,0,,0,,,0,False,False,0,-120,28,1052,20.9,,968.2,3.2,133.0717,0.000217,40470,35.0,57535,122,0,63,0,,,,
4,2026-09-23 07:52:35+02:00,,,2026-09-23 09:24:49.878406+02:00,mqtt,,,,3669,0,41,0,0,,0,,,0,False,False,0,-96,28,1032,20.93,,968.3,3.3,133.0562,0.003747,21117,32.0,57833,122,0,63,0,,,,
4,2026-09-23 07:57:36+02:00,,,2026-09-23 09:24:49.878406+02:00,mqtt,,,,3669,0,41,0,0,,0,,,0,False,False,0,-112,36,1052,20.9,,968.3,3.3,132.9605,-0.000961,30466,34.0,58130,122,0,63,0,,,,
4,2026-09-23 08:02:37+02:00,,,2026-09-23 09:24:49.878406+02:00,mqtt,,,,3668,0,40,0,0,,0,,,0,False,False,0,-92,20,1040,20.89,,968.3,3.3,132.9273,-0.004891,53701,35.0,58428,122,0,63,0,,,,
4,2026-09-23 08:07:38+02:00,,,2026-09-23 09:24:49.878406+02:00,mqtt,,,,3669,0,41,0,0,,0,,,0,False,False,0,-108,44,1012,20.9,,968.3,3.3,133.0237,0.000289,62628,35.5,58726,122,0,63,0,,,,
4,2026-09-23 08:12:39+02:00,,,2026-09-23 09:24:49.878406+02:00,mqtt,,,,3668,0,40,0,0,,0,,,0,False,False,0,-108,20,1036,20.91,,968.3,3.3,133.0022,0.003607,49658,32.0,59024,122,0,63,0,,,,
4,2026-09-23 08:17:40+02:00,,,2026-09-23 09:24:49.878406+02:00,mqtt,,,,3669,0,41,0,0,,0,,,0,False,False,0,-116,28,1056,20.92,,968.3,3.3,133.0244,0.003088,52671,33.5,59322,122,0,63,0,,,,
4,2026-09-23 08:22:41+02:00,,,2026-09-23 09:24:50.758731+02:00,mqtt,,,,3668,0,40,0,0,,0,,,0,False,False,0,-96,16,1056,20.92,,968.3,3.3,133.0417,-0.000571,65192,34.5,59620,122,0,63,0,,,,
4,2026-09-23 08:27:42+02:00,,,2026-09-23 09:24:50.758731+02:00,mqtt,,,,3669,0,41,0,0,,0,,,0,False,False,0,-92,28,1044,20.91,,968.4,3.4,133.0392,0.000428,74722,33.0,59918,122,0,63,0,,,,
4,2026-09-23 08:32:43+02:00,,,2026-09-23 09:24:50.758731+02:00,mqtt,,,,3669,0,41,0,0,,0,,,0,False,False,0,-108,20,1048,20.89,,968.4,3.4,133.044,-0.001024,76496,34.5,60215,122,0,63,0,,,,
4,2026-09-23 08:37:44+02:00,,,2026-09-23 09:24:50.758731+02:00,mqtt,,,,3668,0,40,0,0,,0,,,0,False,False,0,-112,28,1032,20.9,,968.3,3.3,132.9425,0.00012,79144,35.0,60513,122,0,63,0,,,,
4,2026-09-23 08:42:45+02:00,,,2026-09-23 09:24:50.758731+02:00,mqtt,,,,3668,0,40,0,0,,0,,,0,False,False,9,-104,32,1064,20.98,,968.3,3.3,132.955,0.00303,91737,35.0,60811,122,0,63,0,,,,
4,2026-09-23 08:47:46+02:00,,,2026-09-23 09:24:50.758731+02:00,mqtt,,,,3668,0,40,0,0,,0,,,0,False,False,9,-120,36,1048,21.12,,968.3,3.3,133.0447,-0.002302,121488,34.0,61109,122,0,63,0,,,,
4,2026-09-23 08:52:47+02:00,,,2026-09-23 09:24:50.758731+02:00,mqtt,,,,3669,0,41,0,0,,0,,,0,False,False,8,-116,28,1024,21.25,,968.3,3.3,132.941,0.000153,171767,34.0,61406,122,0,63,0,,,,
4,2026-09-23 08:57:48+02:00,,,2026-09-23 09:24:50.758731+02:00,mqtt,,,,3668,0,40,0,0,,0,,,0,False,False,7,-124,40,1040,21.4,,968.3,3.3,132.9884,0.001151,222225,33.0,61704,122,0,63,0,,,,
4,2026-09-23 09:02:49+02:00,,,2026-09-23 09:24:51.550720+02:00,mqtt,,,,3668,-1,40,0,0,,0,,,0,False,False,8,-120,28,1032,21.42,,968.3,3.3,132.9675,0.00074,262235,37.0,62002,122,0,63,0,,,,
4,2026-09-23 09:07:50+02:00,,,2026-09-23 09:24:51.550720+02:00,mqtt,,,,3668,0,40,0,0,,0,,,0,False,False,9,-108,28,1036,21.5,,968.3,3.3,132.9241,0.001541,307950,33.0,62300,122,0,63,0,,,,
4,2026-09-23 09:12:51+02:00,,,2026-09-23 09:24:51.550720+02:00,mqtt,,,,3668,0,40,0,0,,0,,,0,False,False,9,-96,36,1044,21.6,,968.3,3.3,132.8708,0.005798,351324,34.5,62598,122,0,63,0,,,,
4,2026-09-23 09:17:52+02:00,,,2026-09-23 09:24:51.550720+02:00,mqtt,,,,3668,0,40,0,0,,0,,,0,False,False,8,-96,32,1048,21.64,,968.4,3.4,132.8354,0.007981,392556,34.5,62896,122,0,63,0,,,,
4,2026-09-23 09:22:53+02:00,,,2026-09-23 09:24:51.550720+02:00,mqtt,,,,3669,0,41,0,0,,0,,,0,False,False,9,-120,24,1044,21.72,,968.4,3.4,132.8321,0.008545,432859,33.5,63194,122,0,63,0,,,,
4,2026-09-23 09:25:00+02:00,,,2026-09-23 09:24:51.550720+02:00,mqtt,,,,3668,0,40,0,0,,0,,,0,False,False,7,-132,40,1008,21.71,,968.4,3.4,132.9047,0.001882,453727,35.0,63319,122,0,63,0,,,,
4,2026-09-23 09:30:24+02:00,,,2026-09-23 11:13:18.574382+02:00,mqtt,,,,3668,0,40,0,0,,0,,,0,False,False,7,-112,52,1056,21.79,,968.4,3.4,132.8528,0.00143,476932,31.0,63641,122,0,63,0,,,,
4,2026-09-23 09:35:25+02:00,,,2026-09-23 11:13:18.574382+02:00,mqtt,,,,3668,0,40,0,0,,0,,,0,False,False,8,-112,44,1028,21.82,,968.5,3.5,132.8882,-0.000385,507549,34.5,63938,122,0,63,0,,,,
4,2026-09-23 09:40:26+02:00,,,2026-09-23 11:13:18.574382+02:00,mqtt,,,,3668,0,40,0,0,,0,,,0,False,False,8,-112,32,1032,21.87,,968.6,3.6,132.7883,-0.00079,546522,33.0,64237,122,0,63,0,,,,
4,2026-09-23 09:45:27+02:00,,,2026-09-23 11:13:18.574382+02:00,mqtt,,,,3668,0,40,0,0,,0,,,0,False,False,7,-120,20,1024,21.9,,968.6,3.6,132.8538,-0.000677,571869,33.0,64535,122,0,63,0,,,,
4,2026-09-23 09:50:28+02:00,,,2026-09-23 11:13:18.574382+02:00,mqtt,,,,3668,0,40,0,0,,0,,,0,False,False,7,-108,24,1044,21.98,,968.7,3.7,132.7911,0.005671,572601,33.5,64833,122,0,63,0,,,,
4,2026-09-23 09:55:29+02:00,,,2026-09-23 11:13:18.574382+02:00,mqtt,,,,3668,0,40,0,0,,0,,,0,False,False,7,-84,36,1036,22.01,,968.7,3.7,132.8335,0.002869,595939,32.0,65130,122,0,63,0,,,,
4,2026-09-23 10:00:30+02:00,,,2026-09-23 11:13:18.574382+02:00,mqtt,,,,3669,0,41,0,0,,0,,,0,False,False,7,-104,28,1080,22.06,,968.7,3.7,132.7588,-7e-05,609474,33.0,65429,122,0,63,0,,,,
4,2026-09-23 10:05:31+02:00,,,2026-09-23 11:13:18.574382+02:00,mqtt,,,,3668,0,40,0,0,,0,,,0,False,False,7,-104,40,1036,22.08,,968.7,3.7,132.7548,0.002938,638453,33.5,190,122,0,63,0,,,,
4,2026-09-23 10:10:32+02:00,,,2026-09-23 11:13:19.461621+02:00,mqtt,,,,3668,-1,40,0,0,,0,,,0,False,False,7,-116,36,1048,22.1,,968.6,3.6,132.7802,0.00283,669278,33.0,488,122,0,63,0,,,,
4,2026-09-23 10:15:33+02:00,,,2026-09-23 11:13:19.461621+02:00,mqtt,,,,3668,0,40,0,0,,0,,,0,False,False,7,-112,48,1044,22.08,,968.7,3.7,132.7305,0.004599,712070,31.5,786,122,0,63,0,,,,
4,2026-09-23 10:20:34+02:00,,,2026-09-23 11:13:19.461621+02:00,mqtt,,,,3668,0,40,0,0,,0,,,0,False,False,7,-104,24,1040,22.13,,968.6,3.6,132.7211,0.002582,745637,35.0,1084,122,0,63,0,,,,
4,2026-09-23 10:25:35+02:00,,,2026-09-23 11:13:19.461621+02:00,mqtt,,,,3668,0,40,0,0,,0,,,0,False,False,7,-116,36,1048,22.13,,968.6,3.6,132.7238,0.004808,776579,31.5,1383,122,0,63,0,,,,
4,2026-09-23 10:30:36+02:00,,,2026-09-23 11:13:19.461621+02:00,mqtt,,,,3669,-1,41,0,0,,0,,,0,False,False,7,-104,40,1032,22.11,,968.6,3.6,132.7617,-0.000147,824248,32.0,1681,122,0,63,0,,,,
4,2026-09-23 10:35:37+02:00,,,2026-09-23 11:13:19.461621+02:00,mqtt,,,,3668,-1,40,0,0,,0,,,0,False,False,7,-116,24,1044,22.13,,968.7,3.7,132.7179,0.000318,866574,34.0,1978,122,0,63,0,,,,
4,2026-09-23 10:40:38+02:00,,,2026-09-23 11:13:19.461621+02:00,mqtt,,,,3668,0,40,0,0,,0,,,0,False,False,7,-112,52,1032,22.12,,968.8,3.8,132.7784,0.00777,916250,33.0,2276,122,0,63,0,,,,
4,2026-09-23 10:45:39+02:00,,,2026-09-23 11:13:19.461621+02:00,mqtt,,,,3668,0,40,0,0,,0,,,0,False,False,7,-120,40,1040,22.19,,968.8,3.8,132.7358,0.006507,957478,33.5,2574,122,0,63,0,,,,
4,2026-09-23 10:50:40+02:00,,,2026-09-23 11:13:20.245776+02:00,mqtt,,,,3668,0,40,0,0,,0,,,0,False,False,7,-104,28,1016,22.21,,968.8,3.8,132.6815,0.007374,990404,35.0,2872,122,0,63,0,,,,
4,2026-09-23 10:55:41+02:00,,,2026-09-23 11:13:20.245776+02:00,mqtt,,,,3668,-1,40,0,0,,0,,,0,False,False,7,-116,32,1044,22.14,,968.8,3.8,132.7533,0.002892,1045640,34.0,3170,122,0,63,0,,,,
4,2026-09-23 11:00:42+02:00,,,2026-09-23 11:13:20.245776+02:00,mqtt,,,,3668,0,40,0,0,,0,,,0,False,False,7,-120,36,1032,22.16,,968.8,3.8,132.6921,-0.000371,1095097,35.5,3468,122,0,63,0,,,,
4,2026-09-23 11:05:43+02:00,,,2026-09-23 11:13:20.245776+02:00,mqtt,,,,3668,0,40,0,0,,0,,,0,False,False,7,-120,40,1040,22.15,,968.8,3.8,132.7308,6.5e-05,1146866,35.0,3766,122,0,63,0,,,,
4,2026-09-23 11:10:44+02:00,,,2026-09-23 11:13:20.245776+02:00,mqtt,,,,3668,0,40,0,0,,0,,,0,False,False,6,-104,24,1044,22.17,,968.7,3.7,132.7598,0.009008,1188367,35.5,4064,122,0,63,0,,,,
4,2026-09-23 11:13:41+02:00,,,2026-09-23 11:13:20.245776+02:00,mqtt,,,,3668,0,40,0,0,,0,,,0,False,False,6,-316,40,1004,22.19,,968.7,3.7,132.7039,0.010915,1208031,33.5,4239,122,0,63,0,,,,
